,GSS_NM,lat,lon
0,Hartlepool,54.6857276,-1.2093696
1,Middlesbrough,54.5760419,-1.2344047
2,Redcar and Cleveland,54.5679056,-1.0054963165760897
3,Stockton-on-Tees,54.564094,-1.3129164
4,Darlington,54.5242081,-1.5555812
5,Halton,53.35385255,-2.7427828785393507
6,Warrington,53.4018582,-2.5680223597163048
7,Blackburn with Darwen,53.699176949999995,-2.4709000953138327
8,Blackpool,53.824548300000004,-3.037319995021968
9,"Kingston upon Hull, City of",53.7435722,-0.3394758
10,East Riding of Yorkshire,53.873596500000005,-0.5347787525091569
11,North East Lincolnshire,53.53680335,-0.09368101348534888
12,North Lincolnshire,53.589744100000004,-0.6023230295256561
13,York,53.9590555,-1.0815361
14,Derby,52.9212617,-1.4761491
15,Leicester,52.6361398,-1.1330789
16,Rutland,52.6423036,-0.6632643077026672
17,Nottingham,52.9534193,-1.1496461
18,"Herefordshire, County of",52.083333,-2.75
19,Telford and Wrekin,52.72144515,-2.500862391509079
20,Stoke-on-Trent,53.0162014,-2.1812607
21,Bath and North East Somerset,51.35632375,-2.486661424502094
22,"Bristol, City of",51.4538022,-2.5972985
23,North Somerset,51.39663045,-2.769128923864108
24,South Gloucestershire,51.54919165,-2.4809528173453836
25,Plymouth,50.3712659,-4.1425658
26,Torbay,50.446247,-3.539499814193785
27,Swindon,51.5613683,-1.7856853
28,Peterborough,52.5725769,-0.2427336
29,Luton,51.89107295,-0.4230304076201782
30,Southend-on-Sea,51.54063195,0.7161146725194144
31,Thurrock,51.5080169,0.3962817395437666
32,Medway,51.4157386,0.5687308512408333
33,Bracknell Forest,51.4002688,-0.7417888011413043
34,West Berkshire,51.44631345,-1.2758819554702914
35,Reading,51.45149525,-0.9836342499365378
36,Slough,51.50342695,-0.5748721523852964
37,Windsor and Maidenhead,51.4803412,-0.6769505204283354
38,Wokingham,51.4570846,-0.8865370303212372
39,Milton Keynes,52.0429797,-0.7589607
40,Brighton and Hove,50.845221249999994,-0.14975850541139246
41,Portsmouth,50.8036831,-1.075614
42,Southampton,50.9025349,-1.404189
43,Isle of Wight,50.6710482,-1.3327111133199459
44,County Durham,54.666667,-1.75
45,Cheshire East,53.1673422,-2.2928802778613573
46,Cheshire West and Chester,53.16379785,-2.7285361135416943
47,Shropshire,52.65233935,-2.64356407027027
48,Cornwall and Isles of Scilly,49.87163645,-6.4034597229910695
49,Wiltshire,51.324162,-1.9032486699002247
50,Bedford,52.1363806,-0.4675041
51,Central Bedfordshire,51.99803275,-0.47915142854055964
52,Northumberland,55.25,-2.000559
53,"Bournemouth, Christchurch and Poole",50.744673199999994,-1.8579577396350433
54,Dorset,50.79683685,-2.34473226124306
55,Bolton,53.5782863,-2.4300367
56,Bury,52.2460367,0.7125173
57,Manchester,53.4794892,-2.2451148
58,Oldham,53.5415797,-2.1147831
59,Rochdale,53.6153659,-2.1557561
60,Salford,53.4877463,-2.2891921
61,Stockport,53.407901,-2.160243
62,Tameside,53.4786454,-2.0770211633705165
63,Trafford,53.41893605,-2.359297161165271
64,Wigan,53.5457188,-2.6264624
65,Knowsley,53.4552358,-2.8546852
66,Liverpool,53.407154,-2.991665
67,St. Helens,53.4535471,-2.7343231
68,Sefton,53.5034122,-2.9714708
69,Wirral,53.3409714,-3.0500916
70,Barnsley,53.5527719,-1.4827755
71,Doncaster,53.5227681,-1.1335312
72,Rotherham,53.4310417,-1.355187
73,Sheffield,53.3806626,-1.4702278
74,Newcastle upon Tyne,54.9738474,-1.6131572
75,North Tyneside,55.02979945,-1.5082559996141889
76,South Tyneside,54.969874250000004,-1.4476805465645368
77,Sunderland,54.9058512,-1.3828727
78,Birmingham,52.4796992,-1.9026911
79,Coventry,52.4081812,-1.510477
80,Dudley,52.5110832,-2.0816813
81,Sandwell,52.5151278,-2.013562373718973
82,Solihull,52.4130189,-1.7768935
83,Walsall,52.5847949,-1.9822687
84,Wolverhampton,52.5847651,-2.127567
85,Bradford,53.7944229,-1.7519186
86,Calderdale,53.720474800000005,-1.9622886329676708
87,Kirklees,53.64226345,-1.7809432689150708
88,Leeds,53.7974185,-1.5437941
89,Wakefield,53.6829541,-1.4967286
90,Gateshead,54.9625789,-1.6019294
91,Barking and Dagenham,51.5541171,0.15050434261994267
92,Barnet,51.65309,-0.2002261
93,Bexley,51.4416793,0.150488
94,Brent,51.4417349,0.2333383
95,Bromley,51.4028046,0.0148142
96,Camden,51.5423045,-0.1395604
97,Croydon,51.3713049,-0.101957
98,Ealing,51.5126553,-0.3051952
99,Enfield,51.6520851,-0.0810175
100,Greenwich,51.4820845,-0.0045417
101,Hackney and City of London,51.5432402,-0.0493621
102,Hammersmith and Fulham,51.4920377,-0.2236401
103,Haringey,51.587929849999995,-0.10541010599099046
104,Harrow,51.5967688,-0.33727515543507014
105,Havering,51.0043613,-2.337474942629507
106,Hillingdon,51.542519299999995,-0.44833493117949663
107,Hounslow,51.4686132,-0.3613471
108,Islington,51.5384287,-0.0999051
109,Kensington and Chelsea,51.4989948,-0.1991229
110,Kingston upon Thames,51.4096275,-0.3062621
111,Lambeth,51.5013012,-0.117287
112,Lewisham,51.4624325,-0.0101331
113,Merton,51.410802849999996,-0.18809850595572736
114,Newham,51.52999955,0.02931796029382208
115,Redbridge,51.5763203,0.0454097
116,Richmond upon Thames,51.44046095,-0.3055192359117199
117,Southwark,51.5029222,-0.103458
118,Sutton,51.3575114,-0.173640122600872
119,Tower Hamlets,51.1288633,1.2986686
120,Waltham Forest,51.1981586,1.0165175
121,Wandsworth,51.4570271,-0.1932607
122,Westminster,51.5013562,-0.1249302
123,Buckinghamshire,51.7834994,-0.8946440535649794
124,Cambridgeshire,52.333333,0.083333
125,Cumbria,54.6143136,-2.9420983340597866
126,Derbyshire,53.1185033,-1.5566179305872212
127,Devon,50.724165,-3.660795843955193
128,East Sussex,50.9404529,0.3699899035008595
129,Essex,51.77046785,0.46466977412300386
130,Gloucestershire,51.8333313,-2.1666674
131,Hampshire,51.04483545,-1.2434093603442158
132,Hertfordshire,51.840052299999996,-0.09785519224523963
133,Kent,51.2244644,0.7334215
134,Lancashire,53.8611703,-2.5650887919475496
135,Leicestershire,52.666667,-1.0
136,Lincolnshire,53.1823034,-0.2031208542548153
137,Norfolk,52.666667,1.0
138,Northamptonshire,52.25,-0.833333
139,North Yorkshire,54.13453275,-1.498628491239545
140,Nottinghamshire,53.166667,-1.0
141,Oxfordshire,51.833333,-1.25
142,Somerset,51.161750850000004,-3.0753867062227487
143,Staffordshire,52.824694199999996,-2.0074546723348115
144,Suffolk,52.241001350000005,1.0466830312565236
145,Surrey,51.2715316,-0.3414523511290909
146,Warwickshire,52.32130635,-1.5536905536661392
147,West Sussex,51.0,-0.416667
148,Worcestershire,52.2109495,-2.156955513242221
