,GSS_NM,lat,lon
7041,Barking and Dagenham,51.5541171,0.15050434261994267
7042,Barnet,51.65309,-0.2002261
7043,Barnsley,53.5527719,-1.4827755
7044,Bath and North East Somerset,51.35632375,-2.486661424502094
7045,Bedford,52.1363806,-0.4675041
7046,Bexley,51.4416793,0.150488
7047,Birmingham,52.4796992,-1.9026911
7048,Blackburn with Darwen,53.699176949999995,-2.4709000953138327
7049,Blackpool,53.824548300000004,-3.037319995021968
7050,Bolton,53.5782863,-2.4300367
7051,"Bournemouth, Christchurch and Poole",50.744673199999994,-1.8579577396350433
7052,Bracknell Forest,51.4002688,-0.7417888011413043
7053,Bradford,53.7944229,-1.7519186
7054,Brent,51.4416354,0.2345194
7055,Brighton and Hove,50.845221249999994,-0.14975850541139246
7056,"Bristol, City of",51.4538022,-2.5972985
7057,Bromley,51.4028046,0.0148142
7058,Buckinghamshire,51.7834994,-0.8946440535649794
7059,Bury,52.2460367,0.7125173
7060,Calderdale,53.720474800000005,-1.9622886329676708
7061,Cambridgeshire,52.333333,0.083333
7062,Camden,51.5423045,-0.1395604
7063,Central Bedfordshire,51.99803275,-0.47915142854055964
7064,Cheshire East,53.1673422,-2.2928802778613573
7065,Cheshire West and Chester,53.16379785,-2.7285361135416943
7066,City of London,51.5156177,-0.0919983
7067,Cornwall and Isles of Scilly,49.87163645,-6.4034597229910695
7068,County Durham,54.666667,-1.75
7069,Coventry,52.4081812,-1.510477
7070,Croydon,51.3713049,-0.101957
7071,Cumbria,54.6143136,-2.9420983340597866
7072,Darlington,54.5242081,-1.5555812
7073,Derby,52.9212617,-1.4761491
7074,Derbyshire,53.1185033,-1.5566179305872212
7075,Devon,50.724165,-3.660795843955193
7076,Doncaster,53.5227681,-1.1335312
7077,Dorset,50.79683685,-2.34473226124306
7078,Dudley,52.5110832,-2.0816813
7079,Ealing,51.5126553,-0.3051952
7080,East Riding of Yorkshire,53.873596500000005,-0.5347787525091569
7081,East Sussex,50.9404529,0.3699899035008595
7082,Enfield,51.6520851,-0.0810175
7083,Essex,51.77046785,0.46466977412300386
7084,Gateshead,54.9625789,-1.6019294
7085,Gloucestershire,51.8333313,-2.1666674
7086,Greenwich,51.4820845,-0.0045417
7087,Hackney,51.5432402,-0.0493621
7088,Halton,53.35385255,-2.7427828785393507
7089,Hammersmith and Fulham,51.4920377,-0.2236401
7090,Hampshire,51.04483545,-1.2434093603442158
7091,Haringey,51.587929849999995,-0.10541010599099046
7092,Harrow,51.5967688,-0.33727515543507014
7093,Hartlepool,54.6857276,-1.2093696
7094,Havering,51.0043613,-2.337474942629507
7095,"Herefordshire, County of",52.083333,-2.75
7096,Hertfordshire,51.840052299999996,-0.09785519224523963
7097,Hillingdon,51.542519299999995,-0.44833493117949663
7098,Hounslow,51.4686132,-0.3613471
7099,Isle of Wight,50.6710482,-1.3327111133199459
7100,Islington,51.5384287,-0.0999051
7101,Kensington and Chelsea,51.4989948,-0.1991229
7102,Kent,51.2474823,0.7105077
7103,"Kingston upon Hull, City of",53.7435722,-0.3394758
7104,Kingston upon Thames,51.4096275,-0.3062621
7105,Kirklees,53.64226345,-1.7809432689150708
7106,Knowsley,53.4552358,-2.8546852
7107,Lambeth,51.5013012,-0.117287
7108,Lancashire,53.8611703,-2.5650887919475496
7109,Leeds,53.7974185,-1.5437941
7110,Leicester,52.6361398,-1.1330789
7111,Leicestershire,52.666667,-1.0
7112,Lewisham,51.4624325,-0.0101331
7113,Lincolnshire,53.1823034,-0.2031208542548153
7114,Liverpool,53.407154,-2.991665
7115,Luton,51.89107295,-0.4230304076201782
7116,Manchester,53.4794892,-2.2451148
7117,Medway,51.4157386,0.5687308512408333
7118,Merton,51.410802849999996,-0.18809850595572736
7119,Middlesbrough,54.5760419,-1.2344047
7120,Milton Keynes,52.0429797,-0.7589607
7121,Newcastle upon Tyne,54.9738474,-1.6131572
7122,Newham,51.52999955,0.02931796029382208
7123,Norfolk,52.666667,1.0
7124,North East Lincolnshire,53.53680335,-0.09368101348534888
7125,North Lincolnshire,53.589744100000004,-0.6023230295256561
7126,North Somerset,51.39663045,-2.769128923864108
7127,North Tyneside,55.02979945,-1.5082559996141889
7128,North Yorkshire,54.13453275,-1.498628491239545
7129,Northamptonshire,52.25,-0.833333
7130,Northumberland,37.9314992,-76.4836686
7131,Nottingham,52.9534193,-1.1496461
7132,Nottinghamshire,53.166667,-1.0
7133,Oldham,53.5415797,-2.1147831
7134,Oxfordshire,51.833333,-1.25
7135,Peterborough,52.5725769,-0.2427336
7136,Plymouth,50.3712659,-4.1425658
7137,Portsmouth,50.8036831,-1.075614
7138,Reading,51.45149525,-0.9836342499365378
7139,Redbridge,51.5763203,0.0454097
7140,Redcar and Cleveland,54.5679056,-1.0054963165760897
7141,Richmond upon Thames,51.44046095,-0.3055192359117199
7142,Rochdale,53.6153659,-2.1557561
7143,Rotherham,53.4310417,-1.355187
7144,Rutland,52.6423036,-0.6632643077026672
7145,Salford,53.4877463,-2.2891921
7146,Sandwell,52.5151278,-2.013562373718973
7147,Sefton,53.5034122,-2.9714708
7148,Sheffield,53.3806626,-1.4702278
7149,Shropshire,52.65233935,-2.64356407027027
7150,Slough,51.50342695,-0.5748721523852964
7151,Solihull,52.4130189,-1.7768935
7152,Somerset,51.161750850000004,-3.0753867062227487
7153,South Gloucestershire,51.54919165,-2.4809528173453836
7154,South Tyneside,54.969874250000004,-1.4476805465645368
7155,Southampton,50.9025349,-1.404189
7156,Southend-on-Sea,51.54063195,0.7161146725194144
7157,Southwark,51.5029222,-0.103458
7158,St. Helens,53.4535471,-2.7343231
7159,Staffordshire,52.824694199999996,-2.0074546723348115
7160,Stockport,53.407901,-2.160243
7161,Stockton-on-Tees,54.564094,-1.3129164
7162,Stoke-on-Trent,53.0162014,-2.1812607
7163,Suffolk,52.241001350000005,1.0466830312565236
7164,Sunderland,54.9058512,-1.3828727
7165,Surrey,51.2715316,-0.3414523511290909
7166,Sutton,51.3575114,-0.173640122600872
7167,Swindon,51.5613683,-1.7856853
7168,Tameside,53.4786454,-2.0770211633705165
7169,Telford and Wrekin,52.72144515,-2.500862391509079
7170,Thurrock,51.5080169,0.3962817395437666
7171,Torbay,50.446247,-3.539499814193785
7172,Tower Hamlets,51.1288633,1.2986686
7173,Trafford,53.41893605,-2.359297161165271
7174,Wakefield,53.6829541,-1.4967286
7175,Walsall,52.5847949,-1.9822687
7176,Waltham Forest,51.1981586,1.0165175
7177,Wandsworth,51.4570271,-0.1932607
7178,Warrington,53.4018582,-2.5680223597163048
7179,Warwickshire,52.32130635,-1.5536905536661392
7180,West Berkshire,51.44631345,-1.2758819554702914
7181,West Sussex,51.0,-0.416667
7182,Westminster,51.5013562,-0.1249302
7183,Wigan,53.5457188,-2.6264624
7184,Wiltshire,51.324162,-1.9032486699002247
7185,Windsor and Maidenhead,51.4803412,-0.6769505204283354
7186,Wirral,53.3409714,-3.0500916
7187,Wokingham,51.4570846,-0.8865370303212372
7188,Wolverhampton,52.5847651,-2.127567
7189,Worcestershire,52.2109495,-2.156955513242221
7190,York,53.9590555,-1.0815361
7191,Ayrshire and Arran,55.577496499999995,-5.252426083465992
7192,Borders,51.0006785,0.4161393
7193,Dumfries and Galloway,55.083333,-3.833333
7194,Fife,56.3333331,-3.0000001
7195,Forth Valley,55.765585,-3.6882358
7196,Grampian,51.54259505,0.6998812362140638
7197,Greater Glasgow and Clyde,,
7198,Highland,57.5066357,-5.0038367
7199,Lanarkshire,55.5752966,-3.833333
7200,Lothian,53.3895099,-2.9626906
7201,Orkney,58.94182309999999,-3.129694439563327
7202,Shetland,60.333333,-1.333333
7203,Tayside,54.5500034,-1.5169136
7204,Western Isles,57.666667,-7.166667
7205,Golden Jubilee National Hospital,55.9062143,-4.426260321438954
7206,Aneurin Bevan,51.50783335,-3.1999083693724333
7207,Betsi Cadwaladr,,
7208,Cardiff and Vale,51.4816546,-3.1791934
7209,Cwm Taf,51.6876469,-3.3995766
7210,Hywel Dda,51.8183121,-4.6127324
7211,Powys,52.326713049999995,-3.356307050877395
7212,Swansea Bay,51.59097175,-3.9878732236466607
7213,Unknown location,,
7214,Resident outside Wales,,
